"DST_RSK_DSTRCT_MNG_NO","DST_RSK_DSTRCT_NM","DST_RSK_DSTRCT_GRD_CD","DST_RSK_DSTRCT_TYPE_CD","DST_RSK_DSTRCTCD","DST_RSK_DSTRCT_RGN_CD","DST_RSK_DSTRCT_HONU","MAO_CD","MAOF_NM","FCLT_NM","FCLTY_GRD_CD","FCLTY_GRD_NM","DST_WASY_CD","WASY_NM","DSGN_YMD","DSGN_RSN","RMV_YMD","RMV_RSN","DAM_INTV","DAM_DAY_RNFL","DAM_HR_RNFL","RSK_FACTR_CN","PRPL_MTTR_CD","WRTR_NM","WRTR_OGDP_JBGD_CN","IDFR_NM","IDFR_OGDP_JBGD_CN","FCLT_MNG_INST_NM","FCLT_MNG_INST_TELNO","MNG_REPE_NM","MNG_RBPRSN_OGDP_JBGD_CN","MNG_RBPRSN_OFC_TELNO","MNG_RBPRSN_HOME_TELNO","MNG_RBPRSN_MBL_TELNO","MNG_CTZN_NM","MNG_CTZN_JBGD_NM","MNG_CTZN_OFC_TELNO","MNG_CTZN_HOME_TELNO","MNG_CTZN_MBL_TELNO","COPL_RMRK","LAST_MDFCN_DT","LAST_MDFR_ID","APLY_YN","DSGN_AREA","APLY_YR","APLY_YMD","CNSLTN_YMD","IDNTY_YMD","RSLT_NTFCTN_YMD","DSGN_YR","ANCMNT_YMD","MPL_IDFR_NM","RSLT_SPTR","MPL_IDFR_CN","HAB_NOHO","HAB_NOPE_CNT","BSC_PLAN_NM","FNDG_YMD","ACT_LMT_MUOR_SPTR","ENCT_YMD","DCSD_CNT","INJPSN_CNT","DAM_HSTRY_IDX","CST_BNTS_VL","PLCY_VL","CNTNC_VL","PREP_VL","BSC_PLAN_YN","MTN_ADDR_YN","MNLNO","SUBLOTNO","DADDR","ROAD_NM_CD","RONA_DADDR","STDG_CD","USE_YN","RSTR_PLAN_VER_VL","FCLT_SE_CD","FCLT_GRD_CD","ATCH_FILE_ID_1","ATCH_FILE_ID_2","ATCH_FILE_ID_3","ATCH_FILE_ID_4","ATCH_FILE_ID_5","LINK_STTS","LINK_PRCS_TYPE","LINK_PRCS_HR","LINK_MSG_ID","LINKLOG","LINK_TRNS_ID","MAO_CD_BKUP","TMPR_COL_BKUP","STDG_CD_BKUP"
"재해위험지구관리번호","재해위험지구명","재해위험지구등급코드","재해위험지구유형코드","재해위험지구코드","재해위험지구지역코드","재해위험지구번지","부처코드","부처명","시설명","시설물등급코드","시설물등급명","재해수계코드","수계명","지정일자","지정사유","해제일자","해제사유","피해주기","피해일강우량","피해시간강우량","위험요인내용","추진사항코드","작성자명","작성자소속직급내용","확인자명","확인자소속직급내용","시설관리기관명","시설관리기관전화번호","관리책임자명","관리책임자소속직급내용","관리책임자사무실전화번호","관리책임자자택전화번호","관리책임자휴대전화번호","관리주민명","관리주민직급명","관리주민사무실전화번호","관리주민자택전화번호","관리주민휴대전화번호","연락처비고","최종수정일시","최종수정자아이디","신청여부","지정면적","신청연도","신청일자","협의일자","확인일자","결과통보일자","지정연도","고시일자","중앙확인자명","결과구분자","중앙확인자내용","거주세대수","거주인원수수","기본계획명","수립일자","행위제한조례구분자","제정일자","사망자수","부상자수","피해이력지수","비용편익값","정책값","지속값","준비값","기본계획여부","산주소여부","주지번","부지번","상세주소","도로명코드","도로명상세주소","법정동코드","사용여부","복구계획버전값","시설구분코드","시설등급코드","첨부파일아이디1","첨부파일아이디2","첨부파일아이디3","첨부파일아이디4","첨부파일아이디5","연계상태","연계처리유형","연계처리시간","연계메시지아이디","연계로그","연계트랜잭션아이디","부처코드_BAK","임시컬럼_BAK","법정동코드_BAK"
"488502011013","청룡지구","2","001","null","4885041000","null","null","null","청룡지구","012","지방1급하천","-1","null","20100520","상습침수지역","null","null","0","0","0","상습침수지역","1","이영봉","안전총괄과 시설8급","손채성","안전총괄과 시설6급","하동군","055-880-2253","천정길","옥종면 시설7급","880-6394","null","010-9443-9210","null","null","null","null","null","null","2021/12/23 22:07:52.000000000","n16100232399","0","450000","2015","20160705","null","null","null","null","null","null","null","null","450","1800","null","null","00","null","0","0","null","0","null","null","null","N","0","1","null","null","null"," [지점번호:라라35898709]","4885041021","Y","null","null","null","null","null","null","null","null","P","I","null","null","null","IF_MPS_MPSS_010_211223221510005010_95238","035","4885041000","4885041021"
"472102006001","사일지구","2","001","null","4721000000","null","null","null","사일지구","013","지방2급하천","2","낙동강","20060228","재해위헙지구 지정관리","20120208","null","0","0","0","제방붕괴 우려
- 서천지구 하천재해예방사업(준공일 : '09. 4. 19.)","4","황만기","재난안전관리과 시설7급","권영박","재난안전관리과 시설5급","영주시 건설과","054-639-6338","안정호","휴천3동 행정8급","054-639-6621","null","null","김재곤","조암동 1153","null","null","017-531-7375","null","2023/06/02 10:54:44.000000000","n18020293822","0","60000","null","20151102","null","null","null","null","null","null","null","null","0","0","null","null","00","null","0","0","0","0","null","null","null","N","0","1041","1","null","4721011100110410004000001     ","null","4721011100","Y","null","null","null","null","null","null","null","null","P","I","null","null","null","IF_MPS_MPSS_010_230602110010005010_67491","035","4721059000","4721010400"
"472102006002","아랫들지구","3","001","null","4721000000","일원","null","null","아랫들지구","013","지방2급하천","2","낙동강","20060228","재해위험지구 지정관리","null","null","0","0","0","제방붕괴 우려
- 죽계지구 하천재해예방사업(준공예정일 : '23. 12. 17.)","4","홍정아","안전재난과 시설7급","장문규","안전재난과 행정5급","영주시","054-639-5972","홍정아","안전재난과 시설7급","054-639-5972","null","010-9380-5603","박성국","안정면 동촌리","null","null","011-538-7471","null","2023/06/02 10:21:00.000000000","n18020293822","0","140000","2006","20060302","null","null","null","null","null","null","null","null","10","19","null","null","02","20090108","0","0","0","0","null","null","null","N","0","856","1","null","null","null","4721037022","Y","null","null","null","null","null","null","null","null","P","I","null","null","null","IF_MPS_MPSS_010_230602103010005010_40213","038","4721035000","4721035000"
"472102006003","중촌들지구","3","002","null","4721000000","일원","null","null","중촌들지구","013","지방2급하천","2","낙동강","20060228","재해위험지구 지정관리","null","null","0","0","0","세굴로 인한 제방붕괴 우려
- 죽계2지구 하천재해예방사업(준공예정일 : '23. 12. 17.)","2","홍정아","안전재난과 시설7급","장문규","안전재난과 행정5급","영주시 안전재난과","054-639-5972","홍정아","안전재난과 시설7급","054-639-5972","null","010-9380-5603","박병국","순흥면 읍내리","null","null","010-4177-6148","null","2023/06/02 10:17:50.000000000","n18020293822","0","100000","2006","20060302","null","null","null","null","null","null","null","null","56","162","null","null","02","20090108","0","0","0","0","null","null","null","N","0","245","1","null","null","null","4721037024","Y","null","null","null","null","null","null","null","null","P","I","null","null","null","IF_MPS_MPSS_010_230602102510009010_99387","038","4721037000","4721037000"
"472102006004","옥대지구","1","001","null","4721000000","null","null","null","옥대지구","013","지방2급하천","2","낙동강","20140206","재해위험지구 지정관리(변경고시)","20170322","재해위험지구 정비사업 완료
- 옥대지구 하천재해예방사업(준공일 : '16. 12. 26.)","0","0","0","침수위험","4","김명규","안전재난과 시설7급","금호준","안전재난과 행정5급","영주시","054-639-5973","김명규","안전재난과 시설7급","054-639-5973","null","010-9350-9536","이해주","단산면 옥대리","null","null","010-2531-5413","null","2023/06/02 10:46:37.000000000","n18020293822","0","150000","2014","20140206","null","null","null","null","null","null","null","null","108","259","null","null","02","20090108","0","0","0","0","null","null","null","N","0","173","1","null","null","경상북도 영주시 단산면 옥대로  23-6   ","4721038025","Y","null","null","null","null","null","null","null","null","P","I","null","null","null","IF_MPS_MPSS_010_230602105510003010_45963","035","4721038000","4721038025"
"472102006005","피골지구","1","001","null","4721000000","일원","null","null","피골지구","013","지방2급하천","2","낙동강","20060228","재해위험지구 지정관리","null","null","5","250","30","침수위험
- 죽계지구 하천재해예방사업(준공일 : '19. 12. 16.)","4","홍정아","안전재난과 시설7급","장문규","안전재난과 행정5급","영주시","054-639-5972","홍정아","안전재난과 시설7급","054-639-5974","null","010-9380-5603","안영식","null","null","null","010-4810-0729","null","2023/06/02 10:05:29.000000000","n18020293822","0","60000","2006","20060302","null","null","null","null","null","null","null","null","6","8","null","null","02","20150108","0","0","0","0","null","null","null","N","0","94","3","null","4721011300100940008000001     ","null","4721011300","Y","null","null","null","null","null","null","null","null","P","I","null","null","null","IF_MPS_MPSS_010_230602101510010010_54013","038","4721063000","4721010500"
"472102006006","두전지구","2","001","null","4721000000","null","null","null","두전지구","013","지방2급하천","2","낙동강","20060228","재해위험지구 지정관리","20120208","옥계지구 하천재해예방사업
- 준공일 : '10. 8. 24.","5","250","30","침수위험","4","강신혁","재난관리과 시설7급","강병춘","재난관리과 시설5급","영주시청","054-639-6338","김지찬","재난관리과 시설9급","054-639-7535","null","010-4343-0282","류수영","장수면 두전3리","054-637-7409","null","null","null","2023/06/02 10:23:52.000000000","n18020293822","0","60000","null","20151102","null","null","null","null","null","null","null","null","0","0","null","null","00","null","0","0","0","0","null","null","null","N","0","1281","0","null","4721034022112810000023076     ","null","4721034022","Y","null","null","null","null","null","null","null","null","P","I","null","null","null","IF_MPS_MPSS_010_230602103010005010_40213","035","4721034000","4721034022"
"472102010007","휴천지구","1","001","null","4721000000","null","null","null","휴천지구","002","지방도","-1","null","20100129","재해위험지구 지정관리","20150901","영주시 시가지 상습침수지역(휴천지구) 재해위험지구 정비사업
- 준공일 : '14. 6. 2.","5","250","30","침수위험","4","null","null","null","null","재난관리과","054-639-6975","임상호","재난관리과 시설7급","054-639-6975","null","010-2804-3600","null","null","null","null","null","null","2023/06/02 10:51:49.000000000","n18020293822","0","60000","null","20151031","null","null","null","null","null","null","null","null","0","0","null","null","00","null","0","0","0","0","null","null","null","N","0","693","9","null","4721010400106930009011092     ","null","4721010400","Y","null","null","null","null","null","null","null","null","P","I","null","null","null","IF_MPS_MPSS_010_230602110010005010_67491","035","4721059000","4721010400"
"472102010008","죽계지구","3","001","null","4721000000","null","null","null","죽계지구","013","지방2급하천","19","기타","20060302","재해위험지구 지정관리","null","null","5","250","3","침수위험
- 죽계지구 하천재해예방사업(준공예정일 : '23. 12. 17.)","3","홍정아","안전재난과 시설7급","장문규","안전재난과 시설5급","영주시","054-639-5972","홍정아","안전재난과 시설7급","054-639-5972","null","010-9380-5603","박성국","null","null","null","011-538-7471","null","2023/06/02 10:45:09.000000000","n18020293822","0","720000","2006","20060302","null","null","null","null","null","null","null","null","123","423","null","null","02","20090108","0","0","0","0","null","null","null","N","0","989","2","null","null","null","4721037022","Y","null","null","null","null","null","null","null","null","P","I","null","null","null","IF_MPS_MPSS_010_230602105010004010_10168","038","4721037000","4721037027"
"472102011009","적동지구","3","001","null","4721000000","null","null","null","적동지구","013","지방2급하천","-1","null","20100730","침수위험","20120208","정비완료
- 서천지구 하천재해예방사업(준공일 : '10. 8. 18.)","0","0","0","침수","4","null","null","강병춘","재난관리과 시설5급","null","null","이동희","재난관리과 시설7급","054-639-6332","null","010-3826-3830","김경애","적동2리장","054-637-0181","null","010-5461-0181","null","2023/06/02 10:11:50.000000000","n18020293822","0","60000","null","20151102","null","null","null","null","null","null","null","null","0","0","null","null","00","null","0","0","0","0","null","null","null","N","0","723","1","null","null","null","4721033023","Y","null","null","null","null","null","null","null","null","P","I","null","null","null","IF_MPS_MPSS_010_230602102010001010_28367","035","4721033000","4721033023"
"427502005001","덕포지구","2","002","null","5175025000","null","001","행정안전부","계족산","016","사유림","1","한강","20051125","집중호우시 붕괴우려","20090821","정비사업 완료에 따른 해제","10","300","40","붕괴","4","신승수","안전건설과 시설6급","김현경","안전건설과 시설5급","영월군","033-370-2494","조원혁","안전건설과 시설6급","033-370-2638","null","010-6380-4460","전제규","영월읍 덕포리","null","null","null","null","2020/08/27 15:12:02.000000000","n18010290997","0","9000","null","null","null","null","null","null","null","null","null","null","null","null","null","null","null","null","null","null","null","null","null","null","null","null","1","80","1","null","null"," [지점번호:라사86920935]","5175025024","Y","null","null","null","null","null","null","null","null","P","I","null","null","null","IF_MPS_MPSS_010_200827152010001010_37990","035","4275025000","4275025024"
"441802021013","대창1지구","1","001","null","4418000000","null","null","null","대창1지구","013","지방2급하천","19","기타","20250501","하천 미정비로 인하여 통수단면 부족에 의한 배후 농경지 및 주거지 침수피해 발생('24년 5월 지정 예정)","null","null","null","null","null","하천 미정비로 인하여 통수단면 부족에 의한 배후 농경지 및 주거지 침수피해 발생('25년 5월 지정 예정)","1","조안식","보령시 안전총괄과 시설7","김호","보령시 안전총괄과 행정5","보령시청","041-930-3271","심우창","보령시 안전총괄과 시설6","null","null","01088002183","null","null","null","null","null","null","2024/04/12 16:47:58.000000000","n24010509235","0","452600","null","null","null","null","null","null","null","null","null","null","null","null","null","null","null","null","null","null","null","null","null","null","null","null","0","928","null","null","null","null","4418025021","Y","null","null","null","null","null","null","null","null","P","I","null","null","null","IF_MPS_MPSS_010_240412165510004010_91284","null","null","null"
"441802021012","남포천지구","3","001","null","4418000000","null","null","null","남포천지구","013","지방2급하천","19","기타","20240515","하천 미정비로 인하여 통수단면 부족에 의한 배후 농경지 및 주거지 침수피해 발생('24년 5월 지정 예정)","null","null","null","null","null","하천 미정비로 인하여 통수단면 부족에 의한 배후 농경지 및 주거지 침수피해 발생('23년 5월 지정 예정)","1","조안식","보령시 안전총괄과 시설7","김호","보령시 안전총괄과 행정5","보령시청","041-930-3271","조안식","보령시 안전총괄과 시설7 ","041-930-3271","null","01088002183","null","null","null","null","null","null","2024/04/12 16:49:21.000000000","n24010509235","0","302570","null","null","null","null","null","null","null","null","null","null","null","null","null","null","null","null","null","null","null","null","null","null","null","null","0","1395","0","null","null","null","4418036026","Y","null","null","null","null","null","null","null","null","P","I","null","null","null","IF_MPS_MPSS_010_240412165510004010_91284","null","null","null"
"441502006006","정안지구","2","001","하천제방","4415037000","null","null","null","정안천","013","지방2급하천","3","금강","20060302","하천범람(외수)","null","null","5","180","0","집중호우시 하천범람으로 주변농경지 침수","1","권용덕","시민안전과 시설7","오현규","시민안전과 시설5","시민안전과","041-840-8648","송은실","정안면 시설7","041-840-2827","null","010-4124-9275","박승규","대산2리장","null","null","010-4416-1006","null","2022/09/02 17:07:24.000000000","n19070340749","0","40300","2006","20060302","null","null","null","null","null","null","null","null","0","0","정안천 하천기본계획","20130923","02","20110915","0","0","0","0","null","null","null","N","0","240","null","null","null","null","4415037038","Y","null","null","null","null","null","null","null","null","P","I","null","null","null","IF_MPS_MPSS_010_220902171510004010_93286","038","4415037000","4415037038"
"441502013010","금강지구","2","001","null","4415056000","null","null","null","금강","011","국가하천","-1","null","19961119","침수위험 해소","20001217","정비완료","0","0","0","침수 위험","4","배상근","시민안전과 시설7","오현규","시민안전과 시설5","시민안전과","041-840-8666","박형준","옥룡동 행정9","041-840-2862","null","010-8384-1132","박길수","옥룡2통장","null","null","010-4167-4862","null","2022/09/02 17:04:38.000000000","n19070340749","0","1400000","null","null","null","null","null","null","null","null","null","null","null","null","null","null","null","null","null","null","null","null","null","null","null","null","0","250","null","null","null","null","4415010900","Y","null","null","null","null","null","null","null","null","P","I","null","null","null","IF_MPS_MPSS_010_220902171010002010_89799","035","4415056000","4415010900"
"441502013011","내흥지구","1","001","null","4415033000","null","null","null","내흥지구","013","지방2급하천","-1","null","19971230","침수위험","19980502","정비완료","null","null","null","침수위험","4","배상근","시민안전과 시설7","오현규","시민안전과 시설5","시민안전과","041-840-8666","이광성","계룡면 시설9","041-840-8865","null","010-7407-2260","이용관","내흥2리장","null","null","010-7141-9250","null","2022/09/02 17:03:41.000000000","n19070340749","0","1000000","null","null","null","null","null","null","null","null","null","null","null","null","null","null","null","null","null","null","null","null","null","null","null","null","0","124","null","null","null"," [지점번호:다바72272434]","4415033025","Y","null","null","null","null","null","null","null","null","P","I","null","null","null","IF_MPS_MPSS_010_220902171010002010_89799","035","4415033000","4415033025"
"441502013012","사곡지구","1","001","null","4415039000","null","null","null","사곡지구","012","지방1급하천","3","금강","19960501","침수위험","19970509","정비완료","0","0","0","침수위험","4","배상근","시민안전과 시설7","오현규","시민안전과 시설5","시민안전과","041-840-8666","조정후","사곡면 시설8","041-840-2876","null","010-2489-2292","조기태","호계2리장","null","null","010-3411-7584","null","2022/09/02 17:00:38.000000000","n19070340749","0","500000","null","19960501","null","null","null","null","null","null","null","null","20","30","null","null","02","20110915","0","0","0","0","null","null","null","N","0","214","null","null","null","null","4415039021","Y","null","null","null","null","null","null","null","null","P","I","null","null","null","IF_MPS_MPSS_010_220902171010002010_89799","038","4415039000","4415039021"
"441502013013","계실지구","2","001","하천제방","4415000000","null","null","null","계실천","012","지방1급하천","3","금강","20140102","하천 통수단면 부족","null","null","2","150","17","하천통수단면 부족으로 인한 침수피해","4","배상근","시민안전과 시설7","오현규","시민안전과 시설5","시민안전과","041-840-8666","조정후","사곡면 시설8","041-840-2876","null","010-2489-2292","조항권","계실리장","null","null","010-7262-0841","null","2022/09/02 17:02:16.000000000","n19070340749","0","36195","2017","20170828","null","null","null","null","null","null","null","null","42","160","계실천 하천기본계획","20071220","02","20110915","0","0","0","0","null","null","null","N","0","133","4","null","null","충청남도 공주시 사곡면 계실양촌길  21-1   ","4415039024","Y","null","null","null","null","null","null","null","null","P","I","null","null","null","IF_MPS_MPSS_010_220902171010002010_89799","038","4415039000","4415039024"
"472102004001","문정지구","1","001","null","4721000000","null","null","null","문정지구","-1","null","2","낙동강","20030129","재해위험지구지정관리(L =600m)","20070807","재해위험지구 정비완료
(하폭 B=120m → B=180m 확장)
- 서천협소구간 확장공사(준공일 : '06. 11. 3.)","0","200","80","-하천협소(병목)구간으로 ""하천개수""가 필요한 외수 침수지구
-집중호우시 지방2급하천 서천의 수위상승으로 영주시가지 침수","4","조윤현","영주시청 건설과 토목7급","권영박","영주시청 건설과 토목5급","null","null","김일훈","가흥1동사무소 행정7급","null","null","null","박의웅","가흥 문정동 199","null","null","null","null","2023/06/02 10:08:19.000000000","n18020293822","0","60000","null","null","null","null","null","null","null","null","null","null","null","null","null","null","null","null","null","null","null","null","null","null","null","null","0","706","0","null","4721010600107060000000001     ","null","4721010600","Y","null","null","null","null","null","null","null","null","P","I","null","null","null","IF_MPS_MPSS_010_230602101510010010_54013","001","4721062000","4721010500"
"472102004002","동막지구","1","001","내수침수","4721000000","null","null","null","내성천","010","지방관리","2","낙동강","20010112","재해위험지구 지정관리(펌프장 1동)","20030320","정비완료(2002. 12. 31.)","0","200","80","- ""배수펌프장 설치""가 필요한 내수 침수지구
- 침수판단기준 : 강우량 200mm 이상, 홍수위 3.0m 이상
- 호우시 지방2급하천 내성천의 수위상승으로 인근 소하천에 위치한 주택(24동) 내수배제 불가","4","황규원","영주시청 건설과 토목8급","홍성관","영주시청 건설과 토목5급","null","null","null","null","null","null","null","null","null","null","null","null","null","2023/06/02 10:34:25.000000000","n18020293822","0","60000","null","null","null","null","null","null","null","null","null","null","null","null","null","null","null","null","null","null","null","null","null","null","null","null","0","469","0","null","null","null","4721032021","Y","null","null","null","null","null","null","null","null","P","I","null","null","null","IF_MPS_MPSS_010_230602104010002010_62977","001","4721032000","4721032000"
"472102004003","금광지구","1","001","상습침수","4721000000","금광1리","null","null","내성천","010","지방관리","2","낙동강","19990802","재해위험지구","20030320","정비완료(2002. 12. 31.)
- 영주댐구역 편입(수몰)","0","227","86","- ""배수펌프장 설치""가 필요한 내수 침수지구
- 침수판단기준 : 강우량 200mm 이상, 홍수위 3.0m 이상
- 호우시 지방2급하천 내성천의 수위상승으로 인근 소하천에 위치한 주택(24동) 내수배제 불가","4","이영희","영주시 건설과","홍성관","영주시 건설과","null","null","null","null","null","null","null","null","null","null","null","null","null","2023/06/02 10:27:09.000000000","n18020293822","0","60000","null","null","null","null","null","null","null","null","null","null","null","null","null","null","null","null","null","null","null","null","null","null","null","null","0","1295","0","null","null","null","4721032025","Y","null","null","null","null","null","null","null","null","P","I","null","null","null","IF_MPS_MPSS_010_230602103510014010_19863","001","4721032000","4721032000"
"462302015017","진월 외망지구","2","001","null","4623035000","null","001","행정안전부","진월 외망지구","050","기타","-1","null","20151014","침수위험","20171025","null","0","0","0","침수위험","4","최종배","안전총괄과","박형운","안전총괄과장","null","null","최상민","진월면사무소","null","null","null","김종기","외망마을이장","null","null","null","null","2018/10/31 21:06:49.000000000","n18010291460","0","38130","2015","20151014","null","null","null","null","null","null","null","null","0","0","null","20151014","00","20111228","0","0","0","0","null","null","null","N","0","4","54","null","null","전라남도 광양시 진월면 망덕길  356    ","4623035021","Y","null","null","null","null","null","null","null","null","N","I","null","null","null","null","038","4623035000","4623035021"
"462302015019","태인 궁기지구","1","001","null","4623057000","null","001","행정안전부","태인 궁기지구","050","기타","-1","null","20151014","침수위험지구","20181101","null","0","0","0","침수위험","4","김낙균","안전총괄과","박형운","안전총괄과장","null","null","이승재","태인동사무소","null","null","null","null","null","null","null","null","null","2018/10/31 21:02:01.000000000","n18010291460","0","200000","2015","20151014","null","null","null","null","null","null","null","null","0","0","null","20151014","00","20111228","0","0","0","0","null","null","null","N","0","896","161","null","null","전라남도 광양시  김시식지길  15   (태인동)","4623010900","Y","null","null","null","null","null","null","null","null","N","I","null","null","null","null","038","4623057000","4623010900"
"461502014004","용촌 자연재해위험","1","001","null","4615035000","마을회관","005","국토교통부","용촌 자연재해위험개선 지구","010","지방관리","5","섬진강","20141211","재해예방 개선사업을 위한 지구지정","null","null","2","150","30","호남고속도로 BOX2교 통수단면 부족으로 농경지 및 주택 침수위험","3","송관택","시설8급","장창영","시설6급","건설과","749-6703","송관택","시설8급","749-8024","null","01086227536","이근주","이장","null","null","01036029176","null","2020/11/26 17:11:27.000000000","n20010356716","0","103100","2014","20151103","null","null","null","null","null","null","null","null","30","90","null","null","02","null","0","0","0","0","null","null","null","N","0","830","2","null","null","null","4615035026","Y","null","null","null","null","null","null","null","null","P","I","null","null","null","IF_MPS_MPSS_010_201126172010011010_69362","035","4615035000","null"
"458002015013","모항","2","001","null","5280000000","일원","null","null","모항마을유수지","010","지방관리","19","기타","20150108","내수배제 불량에 따른 침수위험","20180409","사업 완료","2","150","25","- 서해안과 인접하여 만조와 집중호우가 동시 발생 시 홍수량을 저류시킬 수 있는 유수지 저류용량과 방류수문 통수단면 부족으로 인한 자연배제 불가
 - 우수관로 용량 부족에 의한 침수피해 발생","4","김봉규","안전총괄과 시설7급","임규현","안전총괄과 시설6급","안전총괄과","063-580-4577","허하람","안전총괄과 시설8급","063-580-3643","null","010-8524-1784","이춘희","이장","null","null","010-4550-9859","null","2023/11/21 09:00:47.000000000","n20070374738","0","19000","2014","20140423","null","null","null","null","null","null","null","null","16","35","null","null","02","20130923","0","0","9000","2","null","null","null","N","0","71","1","null","null","전라북도 부안군 변산면 모항해변길  4 , 일원  ","5280036021","Y","null","null","null","458002015013","null","458002015013","null","null","P","I","null","null","null","IF_MPS_MPSS_010_231121091010009010_38697","038","4580036000","4580036021"
"427802015003","학사2지구","1","001","null","5178025300","null","001","행정안전부","학사2지구","012","지방1급하천","-1","null","20141203","자연재해로 인한 침수위험","20190222","정비완료","0","0","0","홍수위 상승 시 내수배제 능력 부족","4","null","null","null","null","null","null","이주영","시설7급","null","null","null","null","null","null","null","null","null","2019/04/29 16:55:49.000000000","n16070202210","0","53106","2015","20151103","null","null","null","null","null","null","null","null","214","350","null","null","02","20061004","0","0","0","0","null","null","null","N","0","304","21","null","null"," [지점번호:다아92672789]","5178025321","Y","null","null","null","null","null","null","null","null","P","I","null","null","null","IF_MPS_MPSS_010_190429170510005010_71652","038","4278025300","4278025321"
"427802015004","상사2지구","1","002","null","5178025600","null","001","행정안전부","상사2지구","004","군도","-1","null","20150107","낙석 및 사면붕괴 인명피해 우려","20180605","정비완료","0","0","0","낙석 및 사면붕괴로 인한 인명피해 ","4","null","null","null","null","null","null","이주영","시설7급","null","null","null","null","null","null","null","null","null","2019/04/29 16:57:46.000000000","n16070202210","0","9593","2015","20151103","null","null","null","null","null","null","null","null","0","0","null","null","02","20150107","0","0","0","0","null","null","null","N","0","552","12","null","null","강원도 철원군 갈말읍 직탕길  32    ","5178025629","Y","null","null","null","null","null","null","null","null","P","I","null","null","null","IF_MPS_MPSS_010_190429170510005010_71652","038","4278025600","4278025629"
"451902015032","정송지구","2","001","null","5219034000","null","001","행정안전부","옥률천","013","지방2급하천","null","null","20150202","내수배제불량 및 관로 통수단면부족","null","null","4","171","47","외수위 상승에 다른 내수배제 블량 및 기존 우수관의 통수능 부족","4","이영호","안전재난과 시설8급","성길경","안전재난과 시설6급","남원시","063-620-6962","박상근","주생면사무소 농업6급","063-620-3882","null","010-9573-3603","양문철","정충이장","063-626-7552","null","011-650-5487","null","2018/02/02 09:25:46.000000000","n16050172285","0","110000","2015","20151103","null","null","null","null","null","null","null","null","87","164","null","null","02","20131111","0","0","0","0","null","null","null","N","0","122","1","null","null","전라북도 남원시 주생면 정송1길  35-3   ","5219034024","Y","null","null","null","null","null","null","null","null","N","I","null","null","null","null","035","4519034000","4519034024"
"292002015012","산막","3","001","저수지정비","2920065000","일원","001","행정안전부","산막저수지","010","지방관리","19","기타","20131016","정밀안전진단결과 D등급 판정","null","null","0","0","0","저수지 붕괴에 의한 주택 및 농경지 침수","2","김민석","안전관리과 시설9급","윤성현","안전관리과장","광산구청","062-960-8673","김민석","안전관리과 시설9급","960-8673","null","010-9440-3999","김관","광산구 등임동","null","null","null","null","2016/03/29 10:49:45.000000000","2920001504","null","0","null","20151103","null","null","null","null","null","null","null","null","0","0"," ","null","00","null","0","0","0","0","null","null","null","N","1","31","5","null","null"," [지점번호:다라33358890]","2920012900","N","null","null","null","null","null","null","null","null","N","I","null","null","null","null","035","2920065000","2920012900"
"457902015014","건동지구","2","001","null","5279034000","null","001","행정안전부","건동천","013","지방2급하천","19","기타","20150306","내수배제 불량","20191212","재해위험요소 해소에 따른 해제","2","92","30","건동천 및 교량 통수단면이 부족하고 제방이 계획홍수위 보다 낮아 집중호우시 하천범람으로 상습침수피해가 발생
 ","4","오정호","복구지원팀장","김재관","재난안전과장","고창군청","063-560-2663","김성진","재난안전과","063-560-2663","null","010-3677-6845","김한오","송산마을이장","063-561-2388","null","010-3676-0483","null","2020/06/09 14:34:22.000000000","n18010292119","0","449440","2015","20151108","null","null","null","null","null","null","null","null","21","79","건동천 하천기본계획","20100423","02","20100319","0","0","0","0","null","null","null","Y","0","1664","null","null","null","null","5279038022","Y","null","null","null","null","null","null","null","null","P","I","null","null","null","IF_MPS_MPSS_010_200609144010009010_36399","035","4579034000","null"
"427702015016","세대2지구","1","002","급경사지","5177025000","세대2","001","행정안전부","도로","004","군도","1","한강","20150318","상습적인 낙석발생으로 인명피해 우려가 있는 지역","20200317","정비사업 완료에 따른 붕괴위험 해소","1","0","0","해빙기 및 호우 시 낙석발생으로 인한 인명피해 위험","4","고승구","건설과","최종수","건설과장","건설과","033-560-2496","전영남","정선읍사무소","033-560-2703","null","010-3840-9676","서정국","봉양6리장","null","null","010-8969-6917","null","2020/06/06 14:18:14.000000000","n19070339870","0","8100","2015","20150318","null","null","null","null","null","null","null","null","479","1003","풍수해저감종합계획","20110712","02","20070417","0","1","0","1","null","null","null","Y","0","485","1","null","null"," [지점번호:라사99733196]","5177025021","Y","null","null","null","427702015016","427702015016","427702015016","null","null","P","I","null","null","null","IF_MPS_MPSS_010_200606142510010010_68509","038","4277025000","4277025021"
"427702015017","낙동2지구","1","002","null","5177032000","(낙동2)","001","행정안전부","도로","004","군도","1","한강","20150318","자연재해 발생우려가 있는 지역의 체계적 정비 및 관리","20190612","정비사업 완료에 따른 붕괴위험 해소","1","0","0","낙석발생으로 인명피해 우려","4","고승구","건설과","최종수","건설과장","건설과","033-560-2496","전대웅","남면사무소","033-560-2833","null","010-6380-3065","김재복","낙동3리장","null","null","010-9487-2683","null","2020/06/06 14:18:38.000000000","n19070339870","0","7000","2015","20150318","null","null","null","null","null","null","null","null","431","666","풍수해저감종합계획","20110712","02","20070417","0","0","0","1","null","null","null","Y","1","298","0","null","null"," [지점번호:마사04132470]","5177032024","Y","null","null","null","427702015017","427702015017","427702015017","427702015017","null","P","I","null","null","null","IF_MPS_MPSS_010_200606142510010010_68509","038","4277032000","4277032024"
"471112015010","대화지구","3","001","null","4711000000","일원","null","null","대화천","013","지방2급하천","14","영덕오십천","20150311","통수단면 부족 및 침수위험","null","null","0","0","0","호우시 통수단면 부족, 제방여유고 부족, 호안유실 등","2","서태근","생태하천과 시설8급","이정욱","생태하천과 시설6급","포항시","270-3526","김수호","생태하천과 시설5급","270-3526","null","010-9364-9589","null","null","null","null","null","null","2023/08/21 17:23:57.000000000","n19080344323","0","530000","2015","20150311","null","null","null","null","null","null","null","null","45","158","null","20170828","00","null","0","0","1000","3","null","null","null","Y","0","668","1","null","null"," [지점번호:마마81547189]","4711133037","Y","null","null","null","471112015010","471112015010","471112015010","null","null","P","I","null","null","null","IF_MPS_MPSS_010_230821173010003010_88402","038","4711133000","4711133037"
"264402015013","대저2지구","2","001","침수","2644000000","null","null","null","대저2동","038","광역시도","2","낙동강","20150318","상습침수로 인한 재해위험지구 지정","20220811","정비사업 완료로 재해위험요인 해소","1","153","0","호우로 인한 상습침수","4","안유경","안전관리과 시설8급","이정화","안전도시과장","강서구청","051-970-4644","안유경","안전관리과 시설8급","051-970-4644","null","01091255039","홍경복","덕두본리통장","null","null","null","null","2022/10/24 10:37:25.000000000","n19100351355","0","789545","2015","20150318","null","null","null","null","null","null","null","null","670","2320","자연재해위험지구정비사업","20150318","00","null","0","0","40000","9","null","null","null","Y","0","2082","7","null","null","부산광역시 강서구  공항앞길33번길  20-10  (대저2동)","2644010200","Y","null","null","null","264402015013","null","264402015013","null","null","P","I","null","null","null","IF_MPS_MPSS_010_221024104510001010_26276","038","2644052000","2644010200"
"481702015009","덕오지구","2","001","null","4817042000","null","005","국토교통부","지방하천","013","지방2급하천","null","null","19991105","침수위험","20060228","null","0","0","0","침수위험","4","null","null","null","null","null","null","황송희","하천관리과","null","null","null","null","null","null","null","null","null","2016/07/05 11:05:31.000000000","n16050166205","0","null","null","null","null","null","null","null","null","null","null","null","null","null","null","null","null","null","null","null","null","null","null","null","null","null","null","null","null","null","null","경상남도 진주시 집현면 남강로  1899    ","null","Y","null","null","null","null","null","null","null","null","N","I","null","null","null","null","005","4817042000","null"
"481702015010","나불지구","null","001","null","4817054500","null","001","행정안전부","나불지구","050","기타","null","null","19990910","내수침수","20041125","null","0","0","0","내수침수","4","null","null","null","null","null","null","null","null","null","null","null","null","null","null","null","null","null","2015/03/26 18:08:20.000000000","53107061","null","null","null","null","null","null","null","null","null","null","null","null","null","null","null","null","null","null","null","null","null","null","null","null","null","null","null","null","null","null","null","경상남도 진주시  창렬로7번길  14-1  (인사동)","null","Y","null","null","null","null","null","null","null","null","N","I","null","null","null","null","001","4817054500","null"
"481702015011","지내지구","2","001","null","4817042000","null","005","국토교통부","지내천","013","지방2급하천","null","null","19990910","침수위험","20060228","null","0","0","0","침수","4","null","null","null","null","null","null","황송희","하천관리과","null","null","null","null","null","null","null","null","null","2016/07/05 11:02:04.000000000","n16050166205","0","null","null","null","null","null","null","null","null","null","null","null","null","null","null","null","null","null","null","null","null","null","null","null","null","null","null","null","null","null","null","경상남도 진주시 집현면 지내길  13    ","null","Y","null","null","null","null","null","null","null","null","N","I","null","null","null","null","005","4817042000","null"
"277102015006","다사 서재2 지구","2","001","null","2771025600","null","001","행정안전부","다사 서재 2 자연재해위험개선지구","011","국가하천","2","낙동강","20150326","침수위험","20210330","자연재해위험개선지구 정비사업 완료, ","5","0","0","하천수위 상승시 내수배제불량 및 배수관로 통수능력부족으로 인한 침수피해 발생 우려","4","함경진","안전방재과 7급","윤대영","안전방재과 5급","다사읍사무소","668-5546","다사읍장","다사읍사무소","668-5546","null","null","도동환 서재1리장","서재1리장","588-5160","null","01038705890","null","2022/04/14 20:01:53.000000000","n19020328852","0","140079","2015","20150326","null","null","null","null","null","null","null","null","10","25","풍수해저감종합계획","20150430","02","20130430","0","0","0","0","null","null","null","Y","0","741","0","null","null"," [지점번호:라마89136465]","2771025625","Y","null","null","null","277102015006","277102015006","277102015006","277102015006","277102015006","P","I","null","null","null","IF_MPS_MPSS_010_220414201010003010_81334","038","2771025600","2771025625"
"428302015012","상평지구","2","001","null","5183000000","null","null","null","상평지구 자연재해위험개선지구","050","기타","17","양양남대천","20150320","배수불량에 따른 시가지 침수위험","20210826","사업완료 ","0","0","0","배수불량에 따른 시가지 침수위험","4","김명중","안전교통과 시설7","null","null","양양군청","033-670-2490","김명중","안전교통과 시설7","033-670-2490","null","01093793882","김기석","상평마을대표","null","null","010-2315-0055","null","2021/11/22 11:14:00.000000000","n16080206135","0","14809","2015","20150320","null","null","null","null","null","null","null","null","216","473","null","null","02","20121211","0","0","0","null","10","5","0","N","0","18","0","null","4283031029100180000017721     ","null","5183031029","Y","null","null","null","null","null","null","null","null","P","I","null","null","null","IF_MPS_MPSS_010_211122112010004010_80803","038","4283031000","null"
"415702015007","봉성지구","2","003","침수","4157000000","null","null","null","봉성지구","012","지방1급하천","1","한강","20150331","강제배수 시설용량 부족","null","null","2","324","57","내수배제불량","3","박병선","하천과","신동진","하천과","김포시청","031-980-5427","이소정","양촌읍 산업개발팀","031-5186-3342","null","null","null","null","null","null","null","null","2023/04/21 13:13:18.000000000","n19090347715","0","25714","2015","20150223","null","null","null","null","null","null","null","null","330","850","김포시풍수해저감종합계획","20160412","02","20061122","null","null","null","null","null","null","null","Y","0","1073","null","null","null","null","4157025622","Y","null","null","null","null","null","null","null","null","P","I","null","null","null","IF_MPS_MPSS_010_230421132010003010_54725","038","4157032000","null"
"421102009013","봉의 8","2","002","언덕붕괴","5111057000","null","001","행정안전부","봉의 8","034","지방지정","null","null","19991118","언덕붕괴로 인한 주택 피해","20011227","재해위험지구 정비사업 완료","null","null","null","언덕붕괴","4","한영호","재난방재과 시설6급","이주식","재난방재과장","null","null","null","null","null","null","null","null","null","null","null","null","null","2010/12/27 17:33:04.000000000","42110022","null","null","null","null","null","null","null","null","null","null","null","null","null","null","null","null","null","null","null","null","null","null","null","null","null","null","0","26","40"," ","null","강원도 춘천시  소양정길34번길  4    ","5111011300","Y","null","null","null","null","null","null","null","null","N","I","null","null","null","null","035","4211057000","4211011300"
"421102009014","교동 1","2","002","언덕붕괴","5111052000","null","001","행정안전부","교동 1","034","지방지정","null","null","19991118","언덕붕괴로 인한 주택피해","20011227","재해위험지구 정비사업 완료","null","null","null","언덕붕괴","4","한영호","재난방재과 시설6급","이주식","재난방재과장","null","null","null","null","null","null","null","null","null","null","null","null","null","2010/12/27 17:33:19.000000000","42110022","null","null","null","null","null","null","null","null","null","null","null","null","null","null","null","null","null","null","null","null","null","null","null","null","null","null","0","93","38"," ","null"," [지점번호:라사20708713]","5111012200","Y","null","null","null","null","null","null","null","null","N","I","null","null","null","null","035","4211052000","4211012200"
"421102009015","효자 1","2","002","언덕붕괴","5111062000","null","001","행정안전부","효자 1","034","지방지정","null","null","19991118","언덕붕괴로 인한 주택피해","20011227","재해위험지구 정비사업 완료","null","null","null","언덕붕괴","4","한영호","재난방재과 시설6급","이주식","재난방재과장","null","null","null","null","null","null","null","null","null","null","null","null","null","2010/12/27 17:33:37.000000000","42110022","null","null","null","null","null","null","null","null","null","null","null","null","null","null","null","null","null","null","null","null","null","null","null","null","null","null","0","129","110"," ","null","강원도 춘천시  도화길  12-1  (효자동)","5111011200","Y","null","null","null","null","null","null","null","null","N","I","null","null","null","null","035","4211062000","4211011200"
"421102009016","효자 2","2","002","언덕붕괴","5111062000","null","001","행정안전부","효자 2","034","지방지정","null","null","19991118","언덕붕괴로 인한 주택 피해","20011227","재해위험지구 정비사업 완료","null","null","null","언덕붕괴","4","한영호","재난방재과 시설6급","이주식","재난방재과장","null","null","null","null","null","null","null","null","null","null","null","null","null","2010/12/27 17:33:50.000000000","42110022","null","null","null","null","null","null","null","null","null","null","null","null","null","null","null","null","null","null","null","null","null","null","null","null","null","null","0","126","3"," ","null","강원도 춘천시  백령로119번길  26   (효자동)","5111011200","Y","null","null","null","null","null","null","null","null","N","I","null","null","null","null","035","4211062000","4211011200"
"421102009017","봉의 10","2","002","산사태","5111057000","null","001","행정안전부","봉의 10","034","지방지정","null","null","20011227","산사태로 인한 주택 피해","20050730","재해위험지구 정비사업 완료","null","null","null","산사태","4","한영호","재난방재과 시설6급","이주식","재난방재과장","null","null","null","null","null","null","null","null","null","null","null","null","null","2010/12/27 17:34:54.000000000","42110022","null","null","null","null","null","null","null","null","null","null","null","null","null","null","null","null","null","null","null","null","null","null","null","null","null","null","0","1","40"," ","null"," [지점번호:라사20498819]","5111011300","Y","null","null","null","null","null","null","null","null","N","I","null","null","null","null","035","4211057000","4211011300"
"421102009018","근화","1","001","상습침수","5111057000","null","001","행정안전부","근화","034","지방지정","19","기타","20000929","침수로 인한 주택피해","20070831","재해위험지구 정비사업 완료","null","null","null","상습침수","4","한영호","재난방재과 시설6급","이주식","재난방재과장","null","null","null","null","null","null","null","null","null","null","null","null","null","2010/12/27 17:34:02.000000000","42110022","null","null","null","null","null","null","null","null","null","null","null","null","null","null","null","null","null","null","null","null","null","null","null","null","null","null","0","601","5"," ","null"," ","5111011700","Y","null","null","null","null","null","null","null","null","N","I","null","null","null","null","035","4211057000","4211011700"
"421102009019","봉의 9","2","002","언덕붕괴","5111058000","null","001","행정안전부","봉의 9","034","지방지정","null","null","19991118","언덕붕괴로 인한 주택 피해","20080229","재해위험지구 정비사업 완료","null","null","null","언덕붕괴","4","한영호","재난방재과 시설6급","이주식","재난방재과장","null","null","null","null","null","null","null","null","null","null","null","null","null","2013/06/16 10:02:55.000000000","4211010001","null","null","null","null","null","null","null","null","null","null","null","null","null","null","null","null","null","null","null","null","null","null","null","null","null","null","0","5","39"," ","null"," ","5111011400","Y","null","null","null","null","null","null","null","null","N","I","null","null","null","null","035","4211058000","4211011400"
"421102009020","소양 3","2","002","언덕붕괴","5111058000","null","001","행정안전부","소양 3","034","지방지정","null","null","20031208","언덕붕괴로 인한 주택피해","20081002","재해위험지구 정비사업 완료","null","null","null","언덕붕괴","4","한영호","재난방재과 시설6급","이주식","재난방재과장","null","null","null","null","null","null","null","null","null","null","null","null","null","2010/12/27 17:34:29.000000000","42110022","null","null","null","null","null","null","null","null","null","null","null","null","null","null","null","null","null","null","null","null","null","null","null","null","null","null","0","30","1"," ","null"," ","5111011500","Y","null","null","null","null","null","null","null","null","N","I","null","null","null","null","035","4211058000","4211011500"
"421102010021","약사","2","001","null","5111054500","null","001","행정안전부","약사","034","지방지정","null","null","20100826","인접도로보다 저지대 주거밀집지역으로 집중호우시 범람 및 침수","20161110","null","5","150","50","침수위험","4","김기윤","안전총괄 시설8급","송근주","안전총괄담당관","춘천시청","250-3497","김정호","약사명동","250-3614","null","010-8790-7959","김주일","약사명동4통통장","253-5094","null","010-5377-8987","null","2017/02/22 10:31:37.000000000","n16060181418","0","2563","null","20151130","null","null","null","null","null","null","null","null","19","60","null","null","02","20120329","0","0","0","0","null","null","null","N","0","150","15","null","null","강원도 춘천시  약사고개길50번길  21-5  (약사동)","5111011100","Y","null","null","null","421102010021","421102010021","421102010021","421102010021","421102010021","N","I","null","null","null","null","038","4211054500","4211011100"
"421102012022","천전","2","002","붕괴위험","5111025000","null","001","행정안전부","천전","050","기타","-1","null","20110901","집중호우로 인한 붕괴 및 침수피해","20200827","정비사업 완료 및 관계전문가 검토완료","3","200","50","자연재해로 인한 붕괴","4","한민영","안전총괄담당관 시설8급","윤정구","안전총괄담당관 시설6급","춘천시청","250-3497","이주화","신북읍 시설7급","033-245-5281","null","010-9410-3517","박은규","신북읍 천전6리 이장","242-3394","null","010-3392-1009","null","2020/09/01 16:21:00.000000000","n19020328898","0","5900","null","20151130","null","null","null","null","null","null","null","null","0","0","null","null","00","null","0","0","0","0","null","null","null","N","0","39","9","null","null","강원도 춘천시 신북읍 상천3길  2    ","5111025022","Y","null","null","null","null","null","null","null","null","P","I","null","null","null","IF_MPS_MPSS_010_200901163010003010_62581","038","4211025000","4211025022"
"421102012023","느치골","2","002","붕괴위험","5111025000","null","001","행정안전부","느치골","050","기타","null","null","20110901","자연재해로 인한 붕괴 및 침수피해","20130221","null","3","200","50","자연재해로 인한 붕괴 및 침수피해","4","김득정","방재과 시설7급","유두현","방재과 과장","춘천시 방재과","250-3497","이종석","신북읍 시설8급","033-250-3601","null","010-7668-0502","김희원","신북읍천전5리이장","242-2638","null","010-2538-2638","null","2013/03/19 17:57:49.000000000","4211010001","null","null","null","null","null","null","null","null","null","null","null","null","null","null","null","null","null","null","null","null","null","null","null","null","null","null","0","12","7"," ","null"," [지점번호:라사26509321]","5111025022","Y","null","null","null","null","null","null","null","null","N","I","null","null","null","null","035","4211025000","4211025022"
"421102012024","교동3","2","002","언덕붕괴","5111052000","null","001","행정안전부","교동3지구","034","지방지정","null","null","20121213","자연재해로인한비탈면붕괴및낙석발생","20160609","null","2","150","50","경사가 급하고 자연풍화토 위에 주택이 입지하여 위험에 노출
 지형여건 및 구조물 노후로 인한 집단적 인명피해 발생 우려","4","김기윤","안전총괄 시설8급","송근주","안전총괄담당관","춘천시청","250-3497","문성필","교동사무소6급","033-250-5566","null","010-9665-5947","황연화","교동 7통 4반장","033-253-3687","null","null","null","2017/02/22 10:13:36.000000000","n16060181418","0","4597","null","20151130","null","null","null","null","null","null","null","null","33","83","null","null","02","20120329","0","0","0","0","null","null","null","N","0","113","53","null","null","강원도 춘천시  전원안길  41   (교동)","5111012200","Y","null","null","null","421102012024","421102012024","421102012024","421102012024","421102012024","N","I","null","null","null","null","038","4211052000","4211012200"
"421902004002","월천지구","3","001","null","5119061500","null","null","null","붕괴및침수","010","지방관리","2","낙동강","20060227","집중호우시 주택밀집지역지구내 산사태에 따른 낙석 및 침수예상지구","20100108","재해위험지구정비사업완료에 따른 해제","3","250","35","산지형이 급격하게 급하며 암재질이 풍화암으로 분포되어 있어 집중호우시 낙석피해가 반발하는 지구로서 낙석으로 인한 산사태 중괴위험요인이 상존하여 정비가 시급함","4","이대영","복구지원담당","최봉순","안전총괄과장","태백시청","033-550-2126","이선미","철암동 행정7급","033-550-2154","null","010-5676-3354","장재복","철암동 10통장","582-9703","null","011-369-9703","null","2022/03/04 16:06:42.000000000","n22030427186","0","22000","2006","20151201","null","null","null","null","null","null","null","null","20","80","null","20060227","02","20100225","0","0","0","0","null","null","null","N","0","514","19","null","null","null","5119010400","Y","null","null","null","null","null","null","null","null","P","I","null","null","null","IF_MPS_MPSS_010_220304161510014010_14707","035","4219061500","4219010400"
"427302013013","매일","1","001","침수위험","5173034000","null","005","국토교통부","계천","013","지방2급하천","1","한강","20011026","내외수 침수 발생","20041012","정비사업완료","null","null","null","해소","4","null","null","null","null","null","null","null","null","null","null","null","null","null","null","null","null","null","2013/04/11 14:25:35.000000000","4273003001","null","null","null","null","null","null","null","null","null","null","null","null","null","null","null","null","null","null","null","null","null","null","null","null","null","null","0","904","5"," ","null"," [지점번호:라사53895128]","5173034026","Y","null","null","null","null","null","null","null","null","N","I","null","null","null","null","005","4273034000","4273034026"
"421902004003","철암시장지구","2","001","침수","5119061500","null","001","행정안전부","상습침수","013","지방2급하천","2","낙동강","20041013","집중호우시 저지대인 철암시장이 하천수 월류 및 내수피해","20100804","재해위험지구해소사업 완료","2","209","29","하천범람으로 인한 상습침수지역","4","이대영","복구지원담당","최봉순","안전총괄과장","태백시청","033-550-2126","이선미","철암동 행정7급","033-550-2154","null","010-5676-3354","석순기","철암동 8통장","033-582-9367","null","null","null","2015/12/01 17:54:13.000000000","4219003001","null","10700","2004","20041013","null","null","null","null","null","null","null","null","30","120"," ","20041013","02","20100225","0","0","0","0","null","null","null","N","0","403","123"," ","null","강원도 태백시  철암시장길  28-1  (철암동)","5119010400","Y","null","null","null","null","null","null","null","null","N","I","null","null","null","null","035","4219061500","4219010400"
"421902006001","상철암","2","001","침수","5119061500","null","001","행정안전부","매산골천","010","지방관리","2","낙동강","20060227","상습침수지역으로 수해피해발생","20121226","null","2","209","29","침수피해위험","4","이대영","복구지원담당","최봉순","안전총괄과장","태백시청","033-550-3022","이선미","철암동 행정7급","033-550-2154","null","010-5676-3354","장재복","철암동 1통장","033-582-8477","null","018-253-8477","null","2015/12/01 17:54:23.000000000","4219003001","null","25000","2006","20060227","null","null","null","null","null","null","null","null","0","0"," ","20060227","02","20100225","0","0","0","0","null","null","null","N","0","403","null"," ","null"," [지점번호:마사36770455]","5119010400","Y","null","null","null","null","null","null","null","null","N","I","null","null","null","null","035","4219061500","4219010400"
"421902006002","범패사","2","001","침수","5119051500","null","001","행정안전부","황지천","010","지방관리","2","낙동강","20060227","상습침수지역으로 수해피해발생","20100108","재해위험지구정비공사 완료에 따른 해제","2","209","29","집중호우시 침수피해 발생","4","이대영","복구지원담당","최봉순","안전총괄과장","태백시청","033-550-2126","권기천","황지동 행정7급","033-550-2601","null","010-2284-7909","하태연","황지동 9통장","033-552-5470","null","null","null","2015/12/01 17:56:13.000000000","4219003001","null","6000","2006","20060227","null","null","null","null","null","null","null","null","5","20"," ","20060227","02","20100225","0","0","0","0","null","null","null","N","1","8","1"," ","null"," ","5119010100","Y","null","null","null","null","null","null","null","null","N","I","null","null","null","null","035","4219051500","4219010100"
"421902008006","삼수지구","1","002","국도사면","5119053500","null","005","국토교통부","기타(국도사면)","039","시의국도","null","null","20070527","집중호우시 도로사면 지반약화로 인한 낙석및 붕괴발생","20100929","사면보강사업 완료","1","250","35","평소 통행차량이 많은 국도변 절개지로 집중호우로 인한 낙석및 일부 부오기가 발생되었으며 현재 결빙과 해빙으로 풍화가 급격히 진행되는 상태로 추가붕괴 위험 지역임","4","이대영","복구지원담당","최혁순","안전총괄과장","태백시청","033-550-3022","안일환","삼수동 기능9급","033-550-2603","null","null","심금술","삼수동 20통장","033-552-7436","null","null","null","2015/12/01 17:58:21.000000000","4219003001","null","8500","2007","20070529","null","null","null","null","null","null","null","null","3","12"," ","20070529","02","20100225","0","0","0","0","null","null","null","N","0","1","null"," ","null","강원도 태백시  백두대간로  644   (창죽동)","5119011100","N","null","null","null","null","null","null","null","null","N","I","null","null","null","null","005","4219053500","4219011100"
"421902008007","동점,메밀뜰지구","1","002","국도사면","5119060500","null","null","null","기타(국도사면)","039","시의국도","2","낙동강","20100514","집중호우시 도로사면 지반약화로 인한 낙석발생","20150721","정비사업 완료로 재해위험요인 해소","1","250","35","평소 통행차량이 많은 국도변 절개지로 집중호우로 인한 낙석이 발생되었으며, 현재 결빙과 해빙으로 풍화가 급격히 진행되는 상태로 추가 붕괴위험 높은 지역임","4","이대영","복구지원담당","최혁순","재난관리과장","태백시청","033-550-3022","조종철","구문소동 기능7급","033-550-2607","null","010-7455-3297","권중호","구문소동 6통장","033-581-6161","null","null","null","2022/03/04 16:03:35.000000000","n22030427186","0","26500","2010","20100514","null","null","null","null","null","null","null","null","2","8","null","20100514","02","20100225","0","0","0","0","null","null","null","N","0","1","null","null","null"," [지점번호:마사39790183]","5119010600","Y","null","null","null","null","null","null","null","null","P","I","null","null","null","IF_MPS_MPSS_010_220304161010015010_30770","005","4219060500","4219010600"
"421902011008","연지지구","1","001","침수","5119051500","null","001","행정안전부","황지천","013","지방2급하천","2","낙동강","19960630","집중호우시 제방무제부 외수침수로 인한 저지대 주택 상습침수","20020119","재해위험지구해소사업 완료","0","0","0","하천 외수침수로 인한 주택침수","4","null","null","null","null","null","null","null","null","null","null","null","null","null","null","null","null","null","2015/12/01 18:01:41.000000000","4219003001","null","10000","1996","19960630","null","null","null","null","null","null","null","null","10","40"," ","19960630","02","20100225","0","0","0","0","null","null","null","N","0","20","30"," ","null"," [지점번호:마사32540958]","5119010100","Y","null","null","null","null","null","null","null","null","N","I","null","null","null","null","035","4219051500","4219010100"
"421902011009","서학골","2","005","유실","5119051500","null","001","행정안전부","서학골천","050","기타","2","낙동강","20100514","하천 통수단면 부족으로 하천수 범람","20121226","null","3","209","0","하천 통수단면 부족","4","이대영","복구지원담당","조철희","재난관리과장","태백시청","033-550-3022","김창호","상장동 행정8급","033-550-3979","null","010-6551-2034","송승호","상장동 10통장","033-553-4333","null","null","null","2015/12/01 18:03:02.000000000","4219003001","null","4600","2010","20100514","null","null","null","null","null","null","null","null","5","20"," ","20100514","02","20100225","0","0","0","0","null","null","null","N","0","418","120"," ","null"," [지점번호:마사31630722]","5119010100","Y","null","null","null","null","null","null","null","null","N","I","null","null","null","null","035","4219051500","4219010100"
"421902011010","황연","1","002","국도사면","5119051500","null","001","행정안전부","국도38호","039","시의국도","null","null","20100514","사면붕괴로 도로 및 아파트단지내 낙석","20141010","정비사업 완료로 재해위험요인 해소","0","0","0","사면붕괴로 도로 및 아파트 단지내 낙석","4","이대영","복구지원담당","최혁순","안전총괄과장","태백시청","033-550-3022","이창이","황연동 행정7급","033-550-3803","null","010-5645-2022","권원규","황연동 5통장","033-552-7250","null","null","null","2015/12/01 18:04:38.000000000","4219003001","null","26200","2010","20100514","null","null","null","null","null","null","null","null","0","0"," ","20100514","02","20100225","0","0","0","0","null","null","null","N","0","1","null"," ","null"," [지점번호:마사32760976]","5119010100","Y","null","null","null","null","null","null","null","null","N","I","null","null","null","null","035","4219051500","4219010100"
"421902011011","철암배나무골","1","001","침수","5119061500","null","001","행정안전부","철암천","013","지방2급하천","2","낙동강","20100706","계곡수 배제불량으로 상습침수","20151229","정비사업 완료로 재해위험요인 해소","2","209","29","계곡수 배제불량으로 상습침수","4","이대영","복구지원담당","황달언","안전총괄과장","태백시청","033-550-3022","이선미","철암동 행정7급","033-550-2154","null","010-5676-3354","조기현","철암동 8통장","033-582-9025","null","null","null","2016/01/06 10:37:06.000000000","4219003001","null","39364","2014","20100706","null","null","null","null","null","null","null","null","124","229"," ","20100706","02","20100225","0","0","0","0","null","null","null","N","0","354","6"," ","null","강원도 태백시  동태백로  439   (철암동)","5119010400","Y","null","null","null","null","null","null","null","null","N","I","null","null","null","null","035","4219061500","4219010400"
"421902012012","갈골지구","2","001","null","5119061500","null","001","행정안전부","갈골","050","기타","19","기타","20120326","철암천 백워터현상으로 내수침수","20150721","정비사업 완료로 재해위험요인 해소","2","209","29","철암천 수위상승으로 인한 백워터현상으로 내수침수","4","이대영","재난관리과 시설6급","최봉순","재난관리과 시설5급","태백시청 재난과리과","033-550-3022","김경성","철암동 행정7급","033-550-2608","null","010-7255-1602","장재복","1통장","033-582-8477","null","028-253-8477","null","2015/12/01 18:08:25.000000000","4219003001","null","14000","2012","20120326","null","null","null","null","null","null","null","null","7","30"," ","20120326","02","20100225","0","0","0","0","null","null","null","N","0","284","5"," ","null","강원도 태백시  상철암길  39-1  (철암동)","5119010400","Y","null","null","null","null","null","null","null","null","N","I","null","null","null","null","035","4219061500","4219010400"
"427302008006","정금재해위험지구","2","001","침수위험","5173031000","null","001","행정안전부","전천","013","지방2급하천","1","한강","20080604","침수발생","20130527","정비사업 완료 및 위험요인 해소","5","335","35","전천의 통수단면 부족 및 제방고(H=2.2m부족)가 낮아 집중호우 시 범람 위험","4","한상윤","건설방재과 시설6급","남길현","건설방재과 시설5급","횡성군 건설방재과","033-340-2494","차봉기","건설방재과 시설7급","033-340-2494","033-735-7907","016-343-6838","유승희","정금1리장","033-342-2611","null","011-364-2611","null","2014/05/27 13:46:00.000000000","4273003001","null","null","null","null","null","null","null","null","null","null","null","null","null","null","null","null","null","null","null","null","null","null","null","null","null","null","0","849","27"," ","null"," [지점번호:라사53214499]","5173031025","Y","null","null","null","null","null","null","null","null","N","I","null","null","null","null","001","4273031000","4273031025"
"427302012007","옥계재해위험지구","1","001","침수위험","5173037000","null","001","행정안전부","이리천","013","지방2급하천","1","한강","20120322","침수발생","20160314","null","10","310","35","마을이 이리천 홍수위보다 낮은 저지대로 이리천 수위상승시 내수배제 불가
 이리천 통수단면 부족 및 제방고가 홍수위보다 낮아 집중호우시 범람 위험","4","고정태","안전건설과 시설6급","이태우","안전건설과시설5급","횡성군","033-340-2857","윤희석","안전건설과 시설7급","033-340-2857","null","010-8891-2660","김충실","옥계2리장","null","null","011-9938-4859","null","2016/03/18 11:22:38.000000000","sun1988613","null","0","null","20151103","null","null","null","null","null","null","null","null","0","0"," ","null","00","null","0","0","0","0","null","null","null","N","0","595","null"," ","null","강원도 횡성군 서원면 옥계사일길  8    ","5173037023","Y","null","null","null","null","null","null","null","null","N","I","null","null","null","null","035","4273037000","4273037023"
"427302013008","청곡재해위험지구","3","005","유실위험","5173036000","null","001","행정안전부","청곡교","002","지방도","null","null","20130220","집중호우시 유실위험","20160314","null","0","0","0","청곡교 통수단면 부족에따른 제방월류및교량유실위험","4","고정태","안전건설과 시설6급","이태우","안전건설과 시설5급","강원도도로관리사업소","737-6815","윤희석","안전건설과 시설7급","340-2494","null","01087953796","김기수","청곡리장","342-3319","null","010-5361-3318","null","2016/03/18 11:22:25.000000000","sun1988613","null","0","null","20151103","null","null","null","null","null","null","null","null","0","0"," ","null","00","null","0","0","0","0","null","null","null","N","0","161","1"," ","null"," [지점번호:라사42115108]","5173036027","Y","null","null","null","null","null","null","null","null","N","I","null","null","null","null","035","4273036000","4273036027"
"427302013009","수네뜰","3","003","취약방재","5173034000","null","005","국토교통부","대관대천","013","지방2급하천","1","한강","19960615","미개수 하천으로 외수침수발생","20030113","정비사업 완료","null","null","null","해소","4","null","null","null","null","null","null","null","null","null","null","null","null","null","null","null","null","null","2013/06/14 16:31:23.000000000","4273003001","null","null","null","null","null","null","null","null","null","null","null","null","null","null","null","null","null","null","null","null","null","null","null","null","null","null","0","475","null"," ","null"," [지점번호:라사46735076]","5173034033","Y","null","null","null","null","null","null","null","null","N","I","null","null","null","null","005","4273034000","4273034033"
"427302013010","유동","3","003","취약방재","5173035000","null","005","국토교통부","유동천","013","지방2급하천","1","한강","19960615","미개수 하천으로 외수침수","20010710","정비사업완료","null","null","null","해소","4","null","null","null","null","null","null","null","null","null","null","null","null","null","null","null","null","null","2013/06/14 16:32:01.000000000","4273003001","null","null","null","null","null","null","null","null","null","null","null","null","null","null","null","null","null","null","null","null","null","null","null","null","null","null","0","1456","null"," ","null"," [지점번호:라사56755342]","5173035024","Y","null","null","null","null","null","null","null","null","N","I","null","null","null","null","005","4273035000","4273035024"
"427302013011","유평","3","003","취약방재","5173035000","null","005","국토교통부","계천","013","지방2급하천","1","한강","19960615","미개수 하천으로 침수피해 발생","20001210","정비사업 완료","null","null","null","해소","4","null","null","null","null","null","null","null","null","null","null","null","null","null","null","null","null","null","2013/04/11 13:59:43.000000000","4273003001","null","null","null","null","null","null","null","null","null","null","null","null","null","null","null","null","null","null","null","null","null","null","null","null","null","null","0","752","null"," ","null"," [지점번호:라사55885184]","5173035026","Y","null","null","null","null","null","null","null","null","N","I","null","null","null","null","005","4273035000","4273035026"
"427302013012","교항","2","001","침수위험","5173025000","null","005","국토교통부","전천","013","지방2급하천","1","한강","19960615","내외수 침수 발생","20080828","정비완료","null","null","null","해소","4","null","null","null","null","null","null","null","null","null","null","null","null","null","null","null","null","null","2013/06/14 16:32:51.000000000","4273003001","null","null","null","null","null","null","null","null","null","null","null","null","null","null","null","null","null","null","null","null","null","null","null","null","null","null","0","207","7"," ","null"," ","5173025035","Y","null","null","null","null","null","null","null","null","N","I","null","null","null","null","005","4273025000","4273025035"
"111102012004","신영동","2","002","사면의붕괴","1111000000","null","null","null","급경사지","050","기타","19","기타","20120517","사면의 붕괴위험","null","null","0","0","0","신영동142-1일대 사면직하부(45~55º)에 무허가건물 7동 위치 재해발생시 인명 및 재산 피해우려","3","이윤재","재난안전과 토목 8급","강호성","재난안전과장","재난안전과","2148-3012","이윤재","재난안전과 토목 8급","2148-3012","null","null","조옥분","부암동 통장","null","null","null","null","2023/04/28 17:26:25.000000000","n22010422972","0","32278","2012","20150908","null","null","null","null","null","null","null","null","7","12","null","null","00","null","0","0","0","0","null","null","null","N","0","142","1","null","null","서울특별시 종로구  세검정로6나길  44   (신영동)","1111018600","Y","null","null","null","null","null","null","null","null","P","I","null","null","null","IF_MPS_MPSS_010_230428173510013010_29946","035","1111055000","1111018600"
"262002013002","남항지구","2","001","null","2620053000","일원","001","행정안전부","남항지구","010","지방관리","19","기타","20131113","상습침수발생","null","null","1","250","30","만조시 해수면의 높이가 지반고보다 높아 내수배제 불량","4","이승준","도시안전과 8급","이근호","도시안전과 5급","영도구청 건설과","419-4676","강창훈","건설과 8급","419-4676","null","010-3038-2883","김종선","9통통장","null","null","010-3864-3151","null","2021/05/21 14:04:39.000000000","n20020359510","0","70511","2013","20131113","null","null","null","null","null","null","null","null","null","null","null","null","null","null","null","null","null","null","null","null","null","null","0","17","null","일원","null"," [지점번호:마라39967801]","2620010600","N","null","null","null","262002013002","262002013002","262002013002","262002013002","null","P","I","null","null","null","IF_MPS_MPSS_010_210521141010002010_34576","035","2620053000","2620010600"
"111702011002","한강로지구","1","001","도로","1117000000","한강대교북단~남영역","null","null","도로","003","시도","1","한강","20110308","내수침수","20200903","지정 해제","0","295","0","내수침수","4","null","null","null","null","용산구 치수과","02-2199-7900","김봉성","용산구 치수과 시설8급","02-2199-7905","null","010-3080-8418","null","null","null","null","null","null","2022/11/22 09:55:03.000000000","n22010422972","0","180491","2011","20110308","null","null","null","null","null","null","null","null","8539","16454","한강로 자연재해위험 지구","20110308","00","null","0","0","0","0","null","null","null","Y","0","43","1","한강대교북단~남영역","null"," [지점번호:다사52674748]","1117012800","Y","null","null","null","111702011002","111702011002","111702011002","111702011002","null","P","I","null","null","null","IF_MPS_MPSS_010_221122100010005010_31786","001","1117062000","1117012800"
"114702011003","신월신정동지구","1","001","침수","1147000000","146","null","null","배수시설","002","지방도","1","한강","20110425","내수침수에 의한 지정","20221229","null","0","0","0","내수침수","4","안대성","8급","송석원","7급","양천구청 치수과","02-2620-3674","송석원","7급","null","null","null","null","null","null","null","null","null","2023/03/16 17:04:21.000000000","n22010422972","0","162113","2011","null","null","null","null","null","null","null","null","null","null","null","null","20110425","null","null","null","null","null","null","null","null","null","null","0","146","null","146","null","null","1147010300","N","null","null","null","null","null","null","null","null","P","I","null","null","null","IF_MPS_MPSS_010_230316171010004010_24304","035","1147056000","1147010300"
"113801998001","녹번1","3","002","붕괴","1138051000","녹번동 21-134","005","국토교통부","낙석위험절개지","040","국립공원","1","한강","19961114","구 채석장 절개지 낙석위험","20020710","위험요인제거 공사 완료","0","0","0","-기반암의 절리가 발달되어 있고 단층과 균열 있음-사면에 돌출여굴부가 있고 요철이 심하여 부분 누수-암석 슬라이딩 및 낙석위험","4","송지영","건축과","서창기","하수과장","null","null","송지영","은평구청 건축과","350-1392","null","null","황금동","null","null","384-5467","null","null","2016/07/28 11:17:00.000000000","n16050178641","0","null","null","null","null","null","null","null","null","null","null","null","null","null","null","null","null","null","null","null","null","null","null","null","null","null","null","null","null","null","null","null","null","Y","null","null","null","null","null","null","null","null","N","I","null","null","null","null","005","1138051000","null"
"113801998002","녹번2","3","002","붕괴","1138051000","4-350 외 3필지","005","국토교통부","낙석위험 절개지","040","국립공원","1","한강","19961114","구채석장 절개지 낙석위험","20031126","위험요인제거 공사완료","0","0","0","-기반암이 일부 절리되고 단층과 균열 있음-사면상에 돌출부 균열로 암석 슬라이딩 및 낙석 우려","4","송지영","건축과","서창기","하수과장","null","null","송지영","은평구청 건축과","350-1372","null","null","김 수","null","null","359-2540","null","null","null","11380008","null","null","null","null","null","null","null","null","null","null","null","null","null","null","null","null","null","null","null","null","null","null","null","null","null","null","null","null","null"," ","null"," ","null","Y","null","null","null","null","null","null","null","null","P","I","null","null","null","IF_MPS_MPSS_010_240130133510001010_68628","005","1138051000","null"
"116502011001","방배사당지구","1","001","null","1165000000","null","null","null","사당천","012","지방1급하천","1","한강","20110217","내수침수
현재 방배 2,4배수분구 유역이 사당천 하류부에 유입","null","null","null","null","null","침수위험","3","김기영","재난치수과 7급","정종규","재난치수과장 5급","서초구청 물관리과","02-2155-7138","반승진","방배2동","02-2155-7781","null","010-8756-5566","고영순","방배2동","null","null","010-4775-7416","null","2022/12/05 22:04:59.000000000","n22010422972","0","26000","null","null","null","null","null","null","null","null","null","null","null","null","null","null","null","null","null","null","null","null","null","null","null","null","0","493","2","null","null"," [지점번호:다사54244249]","1165010100","Y","null","null","null","null","null","null","null","null","P","I","null","null","null","IF_MPS_MPSS_010_221205221010002010_68251","035","1165053000","1165010100"
"116502011002","서초지구","1","001","null","1165000000","null","null","null","저류조","002","지방도","-1","null","20060310","침수위험(주변 고지 배수로의 용량부족 및 간선하수도의 용량부족)","null","null","3","99","40","침수위험","3","김기영","재난치수과 7급","이은상","재난치수과장 5급","서초구청 물관리과","02-2155-7138","박성범","물관리과 7급","02-2155-7437","null","null","심숙자","서초2동","null","null","011-9968-9168","null","2022/12/05 22:05:44.000000000","n22010422972","0","45000","2006","20060316","null","null","null","null","null","null","null","null","null","null","null","null","null","null","null","null","null","null","null","null","null","null","0","1327","null","null","null","null","1165010800","Y","null","null","null","null","null","null","null","null","P","I","null","null","null","IF_MPS_MPSS_010_221205221510002010_26126","035","1165051000","1165010800"
"116502011003","우면산지구","1","002","산사태","1165000000","null","null","null","우면산자연재해위험지구","016","사유림","-1","null","20111006","산사태로 인한 인명피해 우려","null","null","null","null","null","산사태","3","null","null","이은상","시설5급","서초구청","2155-7120","김기영","시설7급","null","null","null","null","null","null","null","null","null","2023/03/04 14:40:54.000000000","n22010422972","0","4126000","null","null","null","null","null","null","null","null","null","null","null","null","null","null","null","null","null","null","null","null","null","null","null","null","0","1","1","null","null","서울특별시 서초구  사평대로6길  102   (방배동)","1165010100","Y","null","null","null","null","null","null","null","null","P","I","null","null","null","IF_MPS_MPSS_010_230304145010002010_24657","004","1165053000","1165010100"
"116502013004","말죽거리소공원","3","002","null","1165065100","null","004","산림청","말죽거리소공원자연재해위험지구","016","사유림","19","기타","20130207","산사태위험","null","null","null","null","null","산사태","1","김선만","시설7급","이재호","시설5급","서초구청","2155-7103","이민정","녹지8급","null","null","null","null","null","null","null","null","null","2013/06/11 16:07:29.000000000","1165009001","null","null","null","null","null","null","null","null","null","null","null","null","null","null","null","null","null","null","null","null","null","null","null","null","null","null","1","17","7"," ","null"," [지점번호:다사59054251]","1165010200","N","null","null","null","null","null","null","null","null","N","I","null","null","null","null","004","1165065100","1165010200"
"116502014005","말죽거리근린공원","1","002","null","1165000000","일대","null","null","말죽거리근린공원 자연재해위험지구","016","사유림","-1","null","20120102","붕괴로 인한 인명피해","null","null","null","null","null","붕괴위험","3","김기영","재난치수과 시설7급","이은상","재난치수과 시설5급","null","null","김보영","공원녹지과","null","null","null","null","null","null","null","null","null","2023/03/04 14:41:08.000000000","n22010422972","0","258000","null","null","null","null","null","null","null","null","null","null","null","null","null","null","null","null","null","null","null","null","null","null","null","null","1","23","16","일대","null","null","1165010200","Y","null","null","null","null","null","null","null","null","P","I","null","null","null","IF_MPS_MPSS_010_230304145010002010_24657","035","1165065100","1165010200"
"115001998003","공항","2","001","공사완료","1150000000","1120번지","null","null","공항빗물펌프장","010","지방관리","1","한강","19981109","공항배수로의 단면적부족으로  저지대주택가및 농경지 침수","20060302","공항 빗물펌프장 시설보강","5","200","40","- 공항동1120번지 일대가 공항배수로(마곡 농수로)의 수로폭이 7~20m)로 단면적부족으로 집중호우시 내수침수피해발생-공항배수로 정비","4","이대구","하 수 과","김길영","하수과장","null","null","김민석","강서구청 하수과 토목9급","2600-6415","02-6091-4317","010-2726-4317","명부식","공항동1107(25통장)","02-2664-6250","null","011-9074-6250","null","2022/10/25 09:30:40.000000000","n17020258195","0","5000000","null","null","null","null","null","null","null","null","null","null","null","null","null","null","null","null","null","null","null","null","null","null","null","null","0","1120","null","null","null","null","1150010800","Y","null","null","null","null","null","null","null","null","P","I","null","null","null","IF_MPS_MPSS_010_221025094010000010_25301","001","1150062000","null"
"115001998004","방화","2","001","공사완료","1150000000","616","null","null","내수침수(굴포천)","010","지방관리","1","한강","19981109","농수로내 토사퇴적및 간선하수도 용량족으로 집중호우시 도로및 건물지하실침수","20060302","방화 빗물펌프장 시설","3","200","40","- 농수로 토사퇴적 및 하수 단면부족으로 호우시 침수피해가 발생. 굴포천과 연계된 하수도시설은 정비를  완료 했으나 굴포천 계획홍수위와 하수관거의 표고차이가없어 홍수시 하수불량","4","이대구","하 수 과","김길영","하수과장","null","null","김민석","강서구청 하수과 토목9급","2600-6415","02-6091-4317","010-2726-4317","우순남","방화동645-32(5통장)","02-2664-9983","null","null","null","2022/10/25 09:31:34.000000000","n17020258195","0","1","null","null","null","null","null","null","null","null","null","null","null","null","null","null","null","null","null","null","null","null","null","null","null","null","0","616","null","null","null","null","1150010900","Y","null","null","null","null","null","null","null","null","P","I","null","null","null","IF_MPS_MPSS_010_221025094010000010_25301","001","1150064000","null"
"115002006001","개화지구","3","001","null","1150000000","null","null","null","굴포천","012","지방1급하천","1","한강","20060302","수해 발생 우려 지역이나 농지가 대부분으로 미착수","null","고시실효","5","200","0"," - 배수로 주변 저지대(EL.6.6m) 및 높은 외수위(굴포천)로 인한 수면경사 형성 불가능
 - 배수로의 자연유하시 단면 부족에 의한 홍수위 상승(역사이펀 배수)","3","안종현","강서구 물관리과","이상훈","강서구 물관리과장","강서구청 치수과","02-2600-6955","안종현","강서구 물관리과","2600-6952","null","010-9878-2963","김광근","방화2동 동대표","null","null","010-8887-5578","null","2022/12/05 22:04:12.000000000","n22010422972","0","850000","null","20151029","null","null","null","null","null","null","null","null","0","0","null","null","00","null","0","0","0","0","null","null","null","N","0","600","1","600-1 일원","null","600-1 일원","1150011000","Y","null","null","null","115002006001","null","115002006001","null","null","P","I","null","null","null","IF_MPS_MPSS_010_221205221010002010_68251","035","1150064000","null"
"115002011005","화곡1지구","1","001","null","1150000000","화곡동 1106-1 일원","null","null","한강","011","국가하천","1","한강","20110418","인명피해 발생우려가 매우 높은 지역","null","진행중","1","96","221","- 봉제산 및 우장산 빗물이 화곡로 및 까치산길의 하수암거에 일시에 유입되어 강서구청 사거리에서 병목현상 발생 배수능력 부족에 따른 침수피해 발생","3","안종현","물관리과 시설7급","이상훈","물관리과 과장","강서구청 물관리과","02-2600-6955","기성주","물관리과 시설8급","02-2600-6419","null","010-6405-9301","구본상","자율방재단 동대표","null","null","010-5518-0381","null","2022/12/05 22:03:37.000000000","n22010422972","0","110720","2011","20151029","null","null","null","null","null","null","null","null","63038","161796","null","null","00","null","0","0","0","0","null","null","null","N","0","1106","1","화곡동 1106-1 일원","null"," [지점번호:다사42805086]","1150010300","Y","null","null","null","115002011005","115002011005","115002011005","115002011005","115002011005","P","I","null","null","null","IF_MPS_MPSS_010_221205221010002010_68251","035","1150054000","1150010300"
"115002011006","화곡2지구","1","001","null","1150000000","화곡동 949-4 일원","null","null","안양천","011","국가하천","1","한강","20110418","인명피해 발생우려가 매우 높은 지역","20230104","null","1","96","221","- 배다리길 저지수로의 북측으로 우장산 및 봉제산이 위치하고, 남측으로 경인고속도로가 우치하여 배다리길을 중심으로 띠형태의 상대적 저지대 형성(우수 유출수의 집중)","4","기성주","물관리과 시설8급","이상훈","물관리과 과장","강서구청 물관리과","02-2600-6955","안종현","물관리과 시설7급","02-2600-6419","null","010-9878-2963","육근철","자율방재단 화곡1","null","null","010-3782-3491","null","2023/01/04 13:27:31.000000000","n22010422972","0","96667","null","20151029","null","null","null","null","null","null","null","null","0","0","null","null","00","null","0","0","0","0","null","null","null","N","0","949","4","화곡동 949-4 일원","null"," [지점번호:다사42834796]","1150010300","Y","null","null","null","115002011006","null","null","null","null","P","I","null","null","null","IF_MPS_MPSS_010_230104133510006010_98210","035","1150054000","1150010300"
"261402010024","암남(진정산)지구","2","002","null","2614068000","null","004","산림청","진정산 일원","010","지방관리","null","null","20100407","암반사면 붕괴위험","20170116","정비완료(2016.8월)   ","null","null","null","- 낙석 발생, 산사태","4","박성석","안전총괄과","박성석","안전총괄과","경제진흥과","051-240-4541","김미송 ","경제진흥과","051-240-4541","null","010-6610-1069","권정범","암남동 12통장","253-4209","null","019-667-4209","null","2017/03/02 12:25:33.000000000","n16070197894","0","654","null","20151110","null","null","null","null","null","null","null","null","0","0","null","null","00","null","0","0","0","0","null","null","null","N","1","107","1","null","null"," [지점번호:마라37737577]","2614012400","Y","null","null","null","null","null","null","null","null","N","I","null","null","null","null","004","2614068000","2614012400"
"261402013025","남부민지구","3","002","급경사 암반","2614065000","남부민초등학교 일원","001","행정안전부","남부민초등학교 뒤 언덕붕괴 위험지구","010","지방관리","null","null","19991026","암반균열 발생","20091202","정비사업 완료에 따른 지구 해제","null","null","null","암반 풍화 및 우오수 유입","4","박경민","재난안전과","전기웅","재난안전과","재난안전과","051-240-4652","박경민","재난안전과","051-240-4652","null","016-599-5044","null","null","null","null","null","null","2013/06/13 12:06:31.000000000","AAA0203","null","null","null","null","null","null","null","null","null","null","null","null","null","null","null","null","null","null","null","null","null","null","null","null","null","null","0","89","6","남부민초등학교 일원","null","부산광역시 서구  해돋이로114번길  18   (남부민동)","2614012300","Y","null","null","null","null","null","null","null","null","N","I","null","null","null","null","035","2614065000","2614012300"
"262902010006","대연3동 송선마을","1","001","null","2629051000","null","001","행정안전부","대연소하천","010","지방관리","19","기타","20100325","침수발생에 따른 지정","20160719","정비사업 완료로 재해위험요인 해소","3","200","60","집중호우시 하천범람 및 내수불량으로 저지대 침수","4","이욱상","안전도시과 시설6급","윤명진","안전도시과 행정5급","부산광역시 남구","051-607-4655","이대희","대연3동 행정7급","051-607-4655","null","010-9538-5615","이희숙","대연3동 제16통장","null","null","010-5147-9960","null","2016/08/16 14:17:18.000000000","n16060183587","0","0","null","20151028","null","null","null","null","null","null","null","null","0","0","null","null","00","null","0","0","0","0","null","null","null","N","0","1022","null","null","null"," [지점번호:마라45598278]","2629010600","N","null","null","null","null","null","null","null","null","N","I","null","null","null","null","035","2629051000","2629010600"
"262302008001","범천1지구","1","001","null","2623052000","성서초등학교 일원","001","행정안전부","범천1지구","010","지방관리","19","기타","20080627","주위지형보다낮고 하수관거 통수능 부족","20111028","공사완료로 인한 침수위험 해소","5","250","50","하수관거 단면 부족으로 통수능이 저하되어 침수가 예상되므로 저지대로 집중되는 우수 침수깊이를 최소화 하기 위한 관거 단면 확대 실시","4","노기섭","도시안전과 시설8급","심재하","도시안전과장","도시안전과","051-605-4641","김대양","범천1동 기능10급","051-605-6947","051-291-8070","010-5488-6141","고권선","통장","051-646-6289","null","011-558-0752","null","2012/03/29 10:16:50.000000000","2623008001","null","null","null","null","null","null","null","null","null","null","null","null","null","null","null","null","null","null","null","null","null","null","null","null","null","null","0","851","6","성서초등학교 일원","null","부산광역시 부산진구  중앙번영로  25   (범천동)","2623010400","Y","null","null","null","null","null","null","null","null","N","I","null","null","null","null","035","2623052000","2623010400"
"427202011008","결운지구","1","001","null","5172025000","null","null","null","하천제방","010","지방관리","1","한강","20100608","집중호우시 하천범람
[2019.08.13] 2,629㎡ ⇒ 130,826㎡으로 면적변경고시","20210226","해제 절차 진행중(사업 완료로 인한 위험요소 해소)","0","0","0","집중호우시 하천범람","4","이윤노","건설방재과 방재8급","김종삼","건설방재과장","홍천군","033-430-2871","최진혁","건설방재과 시설7급","033-430-2871","null","01072413454","길용호","결운2리장","null","033-434-7563","010-5373-7563","null","2022/05/02 17:57:45.000000000","n16100219710","0","130826","2010","20100608","null","null","null","null","null","null","null","null","20","70","홍천군풍수해저감종합계획","20121012","02","20121108","0","0","0","0","null","null","null","Y","0","462","null","null","null"," [지점번호:라사37216861]","5172025027","Y","null","null","null","null","null","null","null","null","P","I","null","null","null","IF_MPS_MPSS_010_220502180510004010_36555","005","4272025000","4272025027"
"427202011009","광원지구","1","004","null","5172039000","null","null","null","하천","013","지방2급하천","1","한강","20100608","집중호우시 하천범람","null","null","0","0","0","집중호우시 하천범람","1","김우섭","건설방재과 행정9급","김종삼","건설방재과장","홍천군","033-430-2871","박창한","건설방재과 시설7급","033-430-2871","null","01072413454","김진홍","광원2리장","null","033-435-6983","011-9918-2759","null","2022/05/02 17:57:40.000000000","n16100219710","0","60000","2010","20100608","null","null","null","null","null","null","null","null","1","3","홍천군 풍수해저감종합계획","20121012","02","20121108","0","0","0","0","10","5","0","Y","0","1680","null","null","null","강원도 홍천군 내면 가덕길  12-4   ","5172039022","Y","null","null","null","null","null","null","null","null","P","I","null","null","null","IF_MPS_MPSS_010_220502180510004010_36555","038","4272039000","4272039022"
"427202011010","태학지구","2","001","null","5172025000","null","null","null","배수펌프장","050","기타","-1","null","20100608","외수범람 및 내수배제불량","20160315","null","0","0","0","외수범람 및 내수배제불량으로 저지대 침수","4","김우섭","건설방재과 행정9급","김종삼","건설방재과장","홍천군","033-430-2616","윤용탁","도시교통과 시설6급","033-430-2931","null","010-5364-1095","이춘근","태학리장","null","033-433-5096","010-5544-5096","null","2022/05/02 17:57:34.000000000","n16100219710","0","55000","2010","20150608","null","null","null","null","null","null","null","null","38","112","홍천군풍수해저감종합계획","20101012","02","20121108","0","0","0","0","null","null","null","Y","0","4","3","null","null","강원도 홍천군 홍천읍 홍천로  658-1   ","5172025028","Y","null","null","null","null","null","null","null","null","P","I","null","null","null","IF_MPS_MPSS_010_220502180510004010_36555","038","4272025000","4272025028"
"427202011011","홍천103호선","3","002","null","5172000000","산81-1","null","null","도로사면","004","군도","-1","null","20100608","급경사 도로사면붕괴위험","null","null","0","0","0","급경사 도로사면붕괴위험","3","김우섭","건설방재과 행정9급","김종삼","건설방재과장","홍천군","430-2855","최진혁","시설7급","430-2855","null","010-6382-0948","한상철","덕치리장","null","033-436-6555","010-6665-6665","null","2023/04/25 16:26:29.000000000","n18110320277","0","9000","null","20100608","null","null","null","null","null","null","null","null","25","60","홍천군풍수해저감종합계획","20121012","02","20121108","0","0","0","0","0","0","0","Y","1","89","1","산81-1","null"," [지점번호:라사37596679]","5172035023","Y","null","null","null","null","null","null","null","null","P","I","null","null","null","IF_MPS_MPSS_010_230425163510008010_62824","005","4272035000","4272035023"
"427202011012","군도17호선(두촌213호선)","3","002","null","5172000000","null","null","null","도로사면","051","농어촌도로","19","기타","20100608","급경사 도로사면 붕괴위험","null","null","0","0","0","급경사 도로사면 붕괴위험","3","배상두","재난안전과 행정8급","이주원","재난안전과장","홍천군","033-430-2913","김혜림","건설과 시설7급","033-430-2876","null","010-2369-5915","김형동","천현1리장","null","null","null","null","2023/10/11 17:10:49.000000000","n18110320277","0","16637","2010","20150608","null","null","null","null","null","null","null","null","15","48","홍천군 풍수해저감종합계획","20121012","02","20121108","0","0","0","0","0","0","0","Y","1","35","null","null","null"," [지점번호:라사47478441]","5172032023","Y","null","null","null","null","null","null","null","null","P","I","null","null","null","IF_MPS_MPSS_010_231011172010004010_70500","005","4272032000","4272032023"
"427202011013","군도12호선","3","002","null","5172025000","null","null","null","도로사면","004","군도","-1","null","20100608","급경사 도로사면 붕괴위험","20180503","공사완료에 따른 위험요인 해소 ","0","0","0","급경사 도로사면 붕괴위험","4","지석환","건설방재과 행정7급","전영재","건설방재과장","홍천군","2855","최진혁","시설7급","033-430-2855","null","010-6382-0948","이춘근","태학리장 이춘근","null","033-433-5096","010-5544","5096","2022/05/02 17:57:19.000000000","n16100219710","0","5440","2010","20100608","null","null","null","null","null","null","null","null","30","64","홍천군풍수해저감종합계획","20121012","02","20121108","0","0","0","0","0","0","0","Y","1","267","2","null","null","null","5172025031","Y","null","null","null","null","null","null","null","null","P","I","null","null","null","IF_MPS_MPSS_010_220502180510004010_36555","038","4272025000","4272025030"
"427202011014","서석215호","3","002","null","5172034000","null","null","null","도로사면","050","기타","-1","null","20100608","급경사 도로사면 붕괴위험","20180611","null","0","0","0","급경사 도로사면 붕괴위험","4","김우섭","건설방재과 행정9급","김만순","건설방재과장","홍천군","033-430-2913","김우섭","행정9급","033-430-2913","null","01074105218","오하선","수하2리장","null","033-433-4651","010-8630-4651","null","2022/05/02 17:57:07.000000000","n16100219710","0","2400","2010","20100608","null","null","null","null","null","null","null","null","15","54","홍천군풍수해저감종합계획","20121012","02","20121108","0","0","0","0","null","null","null","Y","1","180","3","null","null"," [지점번호:라사58307412]","5172034028","Y","null","null","null","null","null","null","null","null","P","I","null","null","null","IF_MPS_MPSS_010_220502180510004010_36555","038","4272034000","4272034028"
"427202011015","군도14호(1)","3","002","null","5172036000","null","null","null","도로사면","004","군도","-1","null","20100608","급경사 도로사면 붕괴위험","20160315","null","0","0","0","급경사 도로사면 붕괴위험","4","김우섭","건설방재과 행정9급","김종삼","건설방재과장","홍천군","033-430-2913","김우섭","행정9급","033-430-2913","null","01074105218","강명진","장항리장","null","null","null","null","2022/05/02 17:57:01.000000000","n16100219710","0","40000","2010","20100608","null","null","null","null","null","null","null","null","15","48","홍천군풍수해저감종합계획","20121012","02","20121108","0","0","0","0","null","null","null","Y","1","52","1","null","null"," [지점번호:라사22966548]","5172036030","Y","null","null","null","null","null","null","null","null","P","I","null","null","null","IF_MPS_MPSS_010_220502180510004010_36555","001","4272036000","4272036030"
"427202011016","서면202호","3","002","null","5172000000","null","null","null","도로사면","050","기타","-1","null","20100608","급경사 도로사면 붕괴위험","null","null","0","0","0","급경사 도로사면 붕괴위험","3","배상두","재난안전과 시설8급","이주원","재난안전과장","홍천군","033-430-2913","김혜림","건설과 시설7급","033-430-2876","null","010-2369-5915","최원성","동막리장","null","null","null","null","2023/10/11 17:10:19.000000000","n18110320277","0","8500","2010","20100608","null","null","null","null","null","null","null","null","35","70","홍천군풍수해저감종합계획","20121012","02","20121108","0","0","0","0","0","0","0","Y","1","556","3","null","null","null","5172037028","Y","null","null","null","null","null","null","null","null","P","I","null","null","null","IF_MPS_MPSS_010_231011172010004010_70500","001","4272037000","4272037028"
